matrix,female,male,accuracy,macro avg,weighted avg
precision,0.9589468214100121,0.9480939414567733,0.9534724010644691,0.9535203814333927,0.9535357537846013
recall,0.9477829138846088,0.9591942148760331,0.9534724010644691,0.9534885643803209,0.9534724010644691
f1-score,0.9533321852936111,0.953611776788771,0.9534724010644691,0.953471981041191,0.9534715850192431
support,5841.0,5808.0,0.9534724010644691,11649.0,11649.0
