matrix,female,male,accuracy,macro avg,weighted avg
precision,0.9368816103718868,0.9396924140314498,0.9382779637737145,0.9382870122016682,0.9382830308933685
recall,0.9402499571991098,0.9362947658402204,0.9382779637737145,0.9382723615196651,0.9382779637737145
f1-score,0.938562761685038,0.9379905131522207,0.9382779637737145,0.9382766374186293,0.9382774479689592
support,5841.0,5808.0,0.9382779637737145,11649.0,11649.0
